Abilene Christian,Wildcats,Land,32.44645,-99.7475905,4F2170,Purple,https://sports.cbsimg.net/fly/images/ncaa/logos/team/160856.svg
Air Force,Falcons,Air,38.8339578,-104.825348,003087,Blue,https://sports.cbsimg.net/fly/images/ncaa/logos/team/21423.svg
Akron,Zips,Land,41.083064,-81.518485,041E42,Blue,https://sports.cbsimg.net/fly/images/ncaa/logos/team/21264.svg
Alabama,Crimson Tide,Water,33.2095614,-87.5675258,9E1B32,Red,https://sports.cbsimg.net/fly/images/ncaa/logos/team/21352.svg
Alabama A&M,Bulldogs,Land,34.729847,-86.5859011,660000,Red,https://sports.cbsimg.net/fly/images/ncaa/logos/team/21388.svg
Alabama St.,Hornets,Air,32.3669656,-86.3006485,C99700,Yellow,https://sports.cbsimg.net/fly/images/ncaa/logos/team/21387.svg
Albany,Great Danes,Land,42.6511674,-73.754968,461660,Purple,https://sports.cbsimg.net/fly/images/ncaa/logos/team/160742.svg
Alcorn St.,Braves,Person,31.8204396,-91.0501057,CE8E00,Yellow,https://sports.cbsimg.net/fly/images/ncaa/logos/team/21389.svg
American,Eagles,Air,38.8950368,-77.0365427,143D8D,Blue,https://sports.cbsimg.net/fly/images/ncaa/logos/team/21225.svg
Appalachian St.,Mountaineers,Person,36.2187873,-81.684004,FFCC00,Yellow,https://sports.cbsimg.net/fly/images/ncaa/logos/team/21364.svg
Arizona,Wildcats,Land,32.2228765,-110.974847,CC0033,Red,https://sports.cbsimg.net/fly/images/ncaa/logos/team/21335.svg
Arizona St.,Sun Devils,Person,33.4255117,-111.940016,8C1D40,Red,https://sports.cbsimg.net/fly/images/ncaa/logos/team/21336.svg
Arkansas,Razorbacks,Land,36.0625843,-94.1574328,9D2235,Red,https://sports.cbsimg.net/fly/images/ncaa/logos/team/21353.svg
Arkansas Pine Bluff,Lions,Land,34.2157064,-92.0140402,EEB310,Yellow,https://sports.cbsimg.net/fly/images/ncaa/logos/team/21390.svg
Arkansas St.,Red Wolves,Land,35.8272257,-90.6949871,CC092F,Red,https://sports.cbsimg.net/fly/images/ncaa/logos/team/21398.svg
Army,Black Knights,Person,40.8512481,-72.5359869,D4BF91,Yellow,https://sports.cbsimg.net/fly/images/ncaa/logos/team/21345.svg
Auburn,Tigers,Land,32.6098566,-85.4807825,0C2340,Blue,https://sports.cbsimg.net/fly/images/ncaa/logos/team/21354.svg
Austin Peay,Governors,Person,36.5277607,-87.3588703,C41E3A,Red,https://sports.cbsimg.net/fly/images/ncaa/logos/team/21325.svg
Ball St.,Cardinals,Air,40.1936892,-85.3865271,BA0C2F,Red,https://sports.cbsimg.net/fly/images/ncaa/logos/team/21265.svg
Baylor,Bears,Land,31.5491899,-97.1474628,154734,Green,https://sports.cbsimg.net/fly/images/ncaa/logos/team/21201.svg
Bellarmine,Knights,Person,38.2542376,-85.759407,752936,Red,https://sports.cbsimg.net/fly/images/ncaa/logos/team/160872.svg
Belmont,Bruins,Land,36.1622767,-86.7742984,00205B,Blue,https://sports.cbsimg.net/fly/images/ncaa/logos/team/21439.svg
Bethune Cookman,Wildcats,Land,29.2108147,-81.0228331,6F263D,Red,https://sports.cbsimg.net/fly/images/ncaa/logos/team/21285.svg
Binghamton,Bearcats,Land,42.098698,-75.9125187,169B62,Green,https://sports.cbsimg.net/fly/images/ncaa/logos/team/160867.svg
Boise St.,Broncos,Land,43.6166163,-116.200886,0033A0,Blue,https://sports.cbsimg.net/fly/images/ncaa/logos/team/21213.svg
Boston College,Eagles,Air,42.3306529,-71.1661647,98002E,Red,https://sports.cbsimg.net/fly/images/ncaa/logos/team/21160.svg
Boston University,Terriers,Land,42.3554334,-71.060511,A3011B,Red,https://sports.cbsimg.net/fly/images/ncaa/logos/team/21150.svg
Bowling Green,Falcons,Air,41.3747744,-83.6513229,FE5000,Orange,https://sports.cbsimg.net/fly/images/ncaa/logos/team/21266.svg
Bradley,Braves,Person,40.6938609,-89.5891008,A50000,Red,https://sports.cbsimg.net/fly/images/ncaa/logos/team/21304.svg
Brown,Bears,Land,41.8239891,-71.4128343,7C2529,Red,https://sports.cbsimg.net/fly/images/ncaa/logos/team/21246.svg
Bryant,Bulldogs,Land,41.9220433,-71.549507,B4975B,Yellow,https://sports.cbsimg.net/fly/images/ncaa/logos/team/160870.svg
Bucknell,Bison,Land,40.9645337,-76.8847639,003865,Blue,https://sports.cbsimg.net/fly/images/ncaa/logos/team/21346.svg
Buffalo,Bulls,Land,42.8867166,-78.8783922,005BBB,Blue,https://sports.cbsimg.net/fly/images/ncaa/logos/team/21267.svg
Butler,Bulldogs,Land,39.7683331,-86.1583502,13294B,Blue,https://sports.cbsimg.net/fly/images/ncaa/logos/team/21296.svg
BYU,Cougars,Land,40.2337289,-111.6587085,002E5D,Blue,https://sports.cbsimg.net/fly/images/ncaa/logos/team/21424.svg
Cal Baptist,Lancers,Person,33.7219991,-116.0372472,002554,Blue,https://sports.cbsimg.net/fly/images/ncaa/logos/team/21424.svg
Cal Poly,Mustangs,Land,35.3540209,-120.375716,003831,Green,https://sports.cbsimg.net/fly/images/ncaa/logos/team/21215.svg
Cal St. Bakersfield,Roadrunners,Bird,35.3738712,-119.019463,003594,Blue,https://sports.cbsimg.net/fly/images/ncaa/logos/team/161286.svg
Cal St. Fullerton,Titans,Person,33.8708215,-117.929416,00274C,Blue,https://sports.cbsimg.net/fly/images/ncaa/logos/team/21216.svg
Cal St. Northridge,Matadors,Person,34.2345615,-118.5369316,CE1126,Red,https://sports.cbsimg.net/fly/images/ncaa/logos/team/21177.svg
California,Golden Bears,Land,37.8708393,-122.272863,003262,Blue,https://sports.cbsimg.net/fly/images/ncaa/logos/team/21337.svg
Campbell,Fighting Camels,Land,35.412332500000005,-78.73665059608209,F58025,Orange,https://sports.cbsimg.net/fly/images/ncaa/logos/team/21404.svg
Canisius,Golden Griffins,Land,42.8867166,-78.8783922,0C2340,Blue,https://sports.cbsimg.net/fly/images/ncaa/logos/team/21254.svg
Central Arkansas,Bears,Land,35.2521996,-92.6888936,4F2D7F,Purple,https://sports.cbsimg.net/fly/images/ncaa/logos/team/160900.svg
Central Connecticut,Blue Devils,Person,41.6612104,-72.7795419,00539B,Blue,https://sports.cbsimg.net/fly/images/ncaa/logos/team/21314.svg
Central Michigan,Chippewas,Person,33.1570582,-94.9694007,6A0032,Red,https://sports.cbsimg.net/fly/images/ncaa/logos/team/21268.svg
Charleston Southern,Buccaneers,Person,32.7884363,-79.9399309,002855,Blue,https://sports.cbsimg.net/fly/images/ncaa/logos/team/21182.svg
Charlotte,49ers,Person,35.2272086,-80.8430827,046A38,Green,https://sports.cbsimg.net/fly/images/ncaa/logos/team/21241.svg
Chattanooga,Mocs,Water,35.0457219,-85.3094883,00386B,Blue,https://sports.cbsimg.net/fly/images/ncaa/logos/team/21366.svg
Chicago St.,Cougars,Land,41.8755616,-87.6244212,006666,Teal,https://sports.cbsimg.net/fly/images/ncaa/logos/team/21277.svg
Cincinnati,Bearcats,Land,39.1014537,-84.5124602,E00122,Red,https://sports.cbsimg.net/fly/images/ncaa/logos/team/21235.svg
Clemson,Tigers,Land,34.6850749,-82.8364111,F56600,Orange,https://sports.cbsimg.net/fly/images/ncaa/logos/team/21129.svg
Cleveland St.,Vikings,Person,41.4996574,-81.6936772,006747,Green,https://sports.cbsimg.net/fly/images/ncaa/logos/team/21297.svg
Coastal Carolina,Chanticleers,Air,33.8360035,-79.0478143,006F71,Teal,https://sports.cbsimg.net/fly/images/ncaa/logos/team/21183.svg
Colgate,Raiders,Person,43.6307863,-74.4659275,821019,Red,https://sports.cbsimg.net/fly/images/ncaa/logos/team/21347.svg
College of Charleston,Cougars,Land,32.7884363,-79.9399309,800000,Red,https://sports.cbsimg.net/fly/images/ncaa/logos/team/21367.svg
Colorado,Buffaloes,Land,40.0149856,-105.270545,CFB87C,Yellow,https://sports.cbsimg.net/fly/images/ncaa/logos/team/21202.svg
Colorado St.,Rams,Land,40.5871782,-105.0770113,1E4D2B,Green,https://sports.cbsimg.net/fly/images/ncaa/logos/team/21425.svg
Columbia,Lions,Land,40.7127281,-74.0060152,003865,Blue,https://sports.cbsimg.net/fly/images/ncaa/logos/team/21247.svg
Connecticut,Huskies,Land,41.80564555,-72.25413294148728,000E2F,Blue,https://sports.cbsimg.net/fly/images/ncaa/logos/team/21161.svg
Coppin St.,Eagles,Air,39.2908816,-76.610759,003056,Blue,https://sports.cbsimg.net/fly/images/ncaa/logos/team/21286.svg
Cornell,Big Red,Color,42.437417499999995,-76.54837235139263,B31B1B,Red,https://sports.cbsimg.net/fly/images/ncaa/logos/team/21248.svg
Creighton,Bluejays,Air,41.2587459,-95.9383758,005CA9,Blue,https://sports.cbsimg.net/fly/images/ncaa/logos/team/21305.svg
Dartmouth,Big Green,Color,43.703622,-72.288666,046A38,Green,https://sports.cbsimg.net/fly/images/ncaa/logos/team/21249.svg
Davidson,Wildcats,Land,35.7902384,-80.2115053,AC1A2F,Red,https://sports.cbsimg.net/fly/images/ncaa/logos/team/21368.svg
Dayton,Flyers,Person,39.7589478,-84.1916069,CE1141,Red,https://sports.cbsimg.net/fly/images/ncaa/logos/team/21138.svg
Delaware,Blue Hens,Air,39.6828358,-75.7515682,00539F,Blue,https://sports.cbsimg.net/fly/images/ncaa/logos/team/21151.svg
Delaware St.,Hornets,Air,39.158168,-75.5243682,009DDC,Blue,https://sports.cbsimg.net/fly/images/ncaa/logos/team/21287.svg
Denver,Pioneers,Person,39.7392364,-104.984862,8B2332,Red,https://sports.cbsimg.net/fly/images/ncaa/logos/team/21440.svg
DePaul,Blue Demons,Person,41.8755616,-87.6244212,005EB8,Blue,https://sports.cbsimg.net/fly/images/ncaa/logos/team/21236.svg
Detroit,Titans,Person,42.3315509,-83.0466403,002D72,Blue,https://sports.cbsimg.net/fly/images/ncaa/logos/team/21298.svg
Drake,Bulldogs,Land,41.5868654,-93.6249494,004477,Blue,https://sports.cbsimg.net/fly/images/ncaa/logos/team/21306.svg
Drexel,Dragons,Air,39.9527237,-75.1635262,00437B,Blue,https://sports.cbsimg.net/fly/images/ncaa/logos/team/21152.svg
Duke,Blue Devils,Person,35.996653,-78.9018053,003087,Blue,https://sports.cbsimg.net/fly/images/ncaa/logos/team/21130.svg
Duquesne,Dukes,Person,40.4416941,-79.9900861,041E42,Blue,https://sports.cbsimg.net/fly/images/ncaa/logos/team/21139.svg
East Carolina,Pirates,Person,35.613224,-77.3724593,592A8A,Purple,https://sports.cbsimg.net/fly/images/ncaa/logos/team/21226.svg
East Tennessee St.,Buccaneers,Person,36.3134398,-82.3534728,041E42,Blue,https://sports.cbsimg.net/fly/images/ncaa/logos/team/21369.svg
Eastern Illinois,Panthers,Land,39.4961458,-88.1761521,004B83,Blue,https://sports.cbsimg.net/fly/images/ncaa/logos/team/21326.svg
Eastern Kentucky,Colonels,Person,37.7478572,-84.2946539,8A0039,Red,https://sports.cbsimg.net/fly/images/ncaa/logos/team/21327.svg
Eastern Michigan,Eagles,Air,42.2410562,-83.613055,006633,Green,https://sports.cbsimg.net/fly/images/ncaa/logos/team/21269.svg
Eastern Washington,Eagles,Air,47.4892246,-117.579304,A10022,Red,https://sports.cbsimg.net/fly/images/ncaa/logos/team/21173.svg
Elon,Phoenix,Air,36.1029132,-79.5066895,73000A,Red,https://sports.cbsimg.net/fly/images/ncaa/logos/team/21188.svg
Evansville,Purple Aces,Object,37.970495,-87.5715641,52237F,Purple,https://sports.cbsimg.net/fly/images/ncaa/logos/team/21307.svg
Fairfield,Stags,Land,41.1412078,-73.2637258,C8102E,Red,https://sports.cbsimg.net/fly/images/ncaa/logos/team/21255.svg
Fairleigh Dickinson,Devils,Land,40.8871438,-74.0410865,015A9C,Blue,https://sports.cbsimg.net/fly/images/ncaa/logos/team/21315.svg
FIU,Panthers,Land,25.7741728,-80.19362,081E3F,Blue,https://sports.cbsimg.net/fly/images/ncaa/logos/team/21399.svg
Florida,Gators,Water,29.6519684,-82.3249846,0021A5,Blue,https://sports.cbsimg.net/fly/images/ncaa/logos/team/21355.svg
Florida A&M,Rattlers,Land,30.4380832,-84.2809332,EE7624,Orange,https://sports.cbsimg.net/fly/images/ncaa/logos/team/21288.svg
Florida Atlantic,Owls,Air,26.3586885,-80.0830984,003366,Blue,https://sports.cbsimg.net/fly/images/ncaa/logos/team/21407.svg
Florida Gulf Coast,Eagles,Air,26.640628,-81.8723084,007749,Green,https://sports.cbsimg.net/fly/images/ncaa/logos/team/450402.svg
Florida St.,Seminoles,Person,30.4380832,-84.2809332,782F40,Red,https://sports.cbsimg.net/fly/images/ncaa/logos/team/21131.svg
Fordham,Rams,Land,40.8466508,-73.8785937,860038,Red,https://sports.cbsimg.net/fly/images/ncaa/logos/team/21140.svg
Fort Wayne,Mastadons,Land,41.0799898,-85.1386015,002F6C,Blue,https://sports.cbsimg.net/fly/images/ncaa/logos/team/165915.svg
Fresno St.,Bulldogs,Land,36.7394421,-119.78483,DB0032,Red,https://sports.cbsimg.net/fly/images/ncaa/logos/team/21426.svg
Furman,Paladins,Person,34.851354,-82.3984882,582C83,Purple,https://sports.cbsimg.net/fly/images/ncaa/logos/team/21370.svg
Gardner Webb,Bulldogs,Land,35.254292,-81.6670407,BF2F37,Red,https://sports.cbsimg.net/fly/images/ncaa/logos/team/160923.svg
George Mason,Patriots,Person,38.8156356,-77.2836849,006633,Green,https://sports.cbsimg.net/fly/images/ncaa/logos/team/21227.svg
George Washington,Colonials,Person,38.8950368,-77.0365427,002654,Blue,https://sports.cbsimg.net/fly/images/ncaa/logos/team/21141.svg
Georgetown,Hoyas,Land,38.8950368,-77.0365427,041E42,Blue,https://sports.cbsimg.net/fly/images/ncaa/logos/team/21162.svg
Georgia,Bulldogs,Land,33.9597677,-83.376398,BA0C2F,Red,https://sports.cbsimg.net/fly/images/ncaa/logos/team/21356.svg
Georgia Southern,Eagles,Air,32.4490141,-81.7832912,011E41,Blue,https://sports.cbsimg.net/fly/images/ncaa/logos/team/21371.svg
Georgia St.,Panthers,Land,33.7489924,-84.3902644,0039A6,Blue,https://sports.cbsimg.net/fly/images/ncaa/logos/team/21408.svg
Georgia Tech,Yellow Jackets,Air,33.7489924,-84.3902644,A28D5B,Yellow,https://sports.cbsimg.net/fly/images/ncaa/logos/team/21132.svg
Gonzaga,Bulldogs,Land,47.6571934,-117.42351,041E42,Blue,https://sports.cbsimg.net/fly/images/ncaa/logos/team/21415.svg
Grambling St.,Tigers,Land,32.5276503,-92.7140403,EAA921,Yellow,https://sports.cbsimg.net/fly/images/ncaa/logos/team/21391.svg
Grand Canyon,Antelopes,Land,33.4484367,-112.074141,522398,Purple,https://sports.cbsimg.net/fly/images/ncaa/logos/team/160925.svg
Green Bay,Phoenix,Air,44.4752606,-88.060735,006747,Green,https://sports.cbsimg.net/fly/images/ncaa/logos/team/21301.svg
Hampton,Pirates,Person,37.0300969,-76.3452057,0060A9,Blue,https://sports.cbsimg.net/fly/images/ncaa/logos/team/21290.svg
Harvard,Crimson,Color,42.3655767,-71.1040018,A41034,Red,https://sports.cbsimg.net/fly/images/ncaa/logos/team/21250.svg
Hawaii,Rainbow Warriors,Person,21.304547,-157.855676,024731,Green,https://sports.cbsimg.net/fly/images/ncaa/logos/team/21427.svg
High Point,Panthers,Land,35.9556924,-80.0053176,330072,Purple,https://sports.cbsimg.net/fly/images/ncaa/logos/team/21189.svg
Hofstra,Pride,Land,40.6736812,-73.6190736,0B1E73,Blue,https://sports.cbsimg.net/fly/images/ncaa/logos/team/21154.svg
Holy Cross,Crusaders,Person,42.2625621,-71.8018877,602D89,Purple,https://sports.cbsimg.net/fly/images/ncaa/logos/team/21348.svg
Houston,Cougars,Land,29.7589382,-95.3676974,C8102E,Red,https://sports.cbsimg.net/fly/images/ncaa/logos/team/21237.svg
Houston Christian,Huskies,Land,29.7589382,-95.3676974,1C4E9D,Blue,https://sports.cbsimg.net/fly/images/ncaa/logos/team/161324.svg
Howard,Bisons,Land,38.8950368,-77.0365427,003A63,Blue,https://sports.cbsimg.net/fly/images/ncaa/logos/team/21289.svg
Idaho,Vandals,Person,46.7323875,-117.000165,86754D,Yellow,https://sports.cbsimg.net/fly/images/ncaa/logos/team/21217.svg
Idaho St.,Bengals,Land,42.8620287,-112.450627,FF671F,Orange,https://sports.cbsimg.net/fly/images/ncaa/logos/team/21174.svg
Illinois,Fighting Illini,Person,40.1164841,-88.2430932,E84A27,Orange,https://sports.cbsimg.net/fly/images/ncaa/logos/team/21190.svg
Illinois Chicago,Flames,Object,41.8755616,-87.6244212,AC1E2D,Red,https://sports.cbsimg.net/fly/images/ncaa/logos/team/21299.svg
Illinois St.,Redbirds,Air,40.5092961,-88.9843937,CE1126,Red,https://sports.cbsimg.net/fly/images/ncaa/logos/team/21308.svg
Incarnate Word,Cardinals,Air,29.4246002,-98.4951405,CB333B,Red,https://sports.cbsimg.net/fly/images/ncaa/logos/team/2066288.svg
Indiana,Hoosiers,Person,39.1670396,-86.5342881,990000,Red,https://sports.cbsimg.net/fly/images/ncaa/logos/team/21191.svg
Indiana St.,Sycamores,Object,39.4667025,-87.4139119,0142BC,Blue,https://sports.cbsimg.net/fly/images/ncaa/logos/team/21309.svg
Iona,Gaels,Person,40.9115386,-73.7826363,6F2C3F,Red,https://sports.cbsimg.net/fly/images/ncaa/logos/team/21256.svg
Iowa,Hawkeyes,Air,41.6612561,-91.5299106,FFCD00,Yellow,https://sports.cbsimg.net/fly/images/ncaa/logos/team/21192.svg
Iowa St.,Cyclones,Weather,42.0267567,-93.6170448,C8102E,Red,https://sports.cbsimg.net/fly/images/ncaa/logos/team/21203.svg
IUPUI,Jaguars,Land,39.7683331,-86.1583502,9D2235,Red,https://sports.cbsimg.net/fly/images/ncaa/logos/team/21284.svg
Jackson St.,Tigers,Land,32.2998686,-90.1830408,002147,Blue,https://sports.cbsimg.net/fly/images/ncaa/logos/team/21392.svg
Jacksonville,Dolphins,Water,30.3321838,-81.655651,004E44,Green,https://sports.cbsimg.net/fly/images/ncaa/logos/team/21410.svg
Jacksonville St.,Gamecocks,Air,33.8137919,-85.7612872,CC0000,Red,https://sports.cbsimg.net/fly/images/ncaa/logos/team/21409.svg
James Madison,Dukes,Person,38.4493315,-78.8688833,450084,Purple,https://sports.cbsimg.net/fly/images/ncaa/logos/team/21228.svg
Kansas,Jayhawks,Air,38.9719137,-95.2359403,0051BA,Blue,https://sports.cbsimg.net/fly/images/ncaa/logos/team/21204.svg
Kansas St.,Wildcats,Land,39.1836082,-96.5716694,512888,Purple,https://sports.cbsimg.net/fly/images/ncaa/logos/team/21205.svg
Kennesaw St.,Owls,Air,34.0234337,-84.6154897,FDBB30,Yellow,https://sports.cbsimg.net/fly/images/ncaa/logos/team/160937.svg
Kent St.,Golden Flashes,Object,41.1513108,-81.3578047,002664,Blue,https://sports.cbsimg.net/fly/images/ncaa/logos/team/21270.svg
Kentucky,Wildcats,Land,38.0464066,-84.4970393,0033A0,Blue,https://sports.cbsimg.net/fly/images/ncaa/logos/team/21357.svg
La Salle,Explorers,Person,39.9527237,-75.1635262,003366,Blue,https://sports.cbsimg.net/fly/images/ncaa/logos/team/21142.svg
Lafayette,Leopards,Land,40.6916081,-75.2099866,98002E,Red,https://sports.cbsimg.net/fly/images/ncaa/logos/team/21349.svg
Lamar,Cardinals,Air,30.0860459,-94.1018461,DC0032,Red,https://sports.cbsimg.net/fly/images/ncaa/logos/team/21376.svg
Le Moyne,Dolphins,Water,43.0481221,-76.1474244,00452A,Green,https://sports.cbsimg.net/fly/images/ncaa/logos/team/160942.svg
Lehigh,Mountain Hawks,Air,40.6178915,-75.3786521,F58220,Orange,https://sports.cbsimg.net/fly/images/ncaa/logos/team/21350.svg
Liberty,Flames,Object,37.4137536,-79.1422464,002D62,Blue,https://sports.cbsimg.net/fly/images/ncaa/logos/team/21184.svg
Lindenwood,Lions,Land,38.783855,-90.481677,B5A36A,Yellow,https://sports.cbsimg.net/fly/images/ncaa/logos/team/161158.svg
Lipscomb,Bisons,Land,36.1622767,-86.7742984,331E54,Purple,https://sports.cbsimg.net/fly/images/ncaa/logos/team/161302.svg
Little Rock,Trojans,Person,34.7465071,-92.2896267,6E2639,Red,https://sports.cbsimg.net/fly/images/ncaa/logos/team/21397.svg
LIU Brooklyn,Sharks,Water,40.6526006,-73.9497211,69B3E7,Blue,https://sports.cbsimg.net/fly/images/ncaa/logos/team/21316.svg
Long Beach St.,Beach,Water,33.7690164,-118.191604,FFC72A,Yellow,https://sports.cbsimg.net/fly/images/ncaa/logos/team/21218.svg
Longwood,Lancers,Person,37.3024713,-78.3923813,15213B,Blue,https://sports.cbsimg.net/fly/images/ncaa/logos/team/160946.svg
Louisiana Lafayette,Ragin' Cajuns,Person,30.2262187,-92.0178202,CE181E,Red,https://sports.cbsimg.net/fly/images/ncaa/logos/team/21402.svg
Louisiana Monroe,Warhawks,Air,32.5102427,-92.1032411,840029,Red,https://sports.cbsimg.net/fly/images/ncaa/logos/team/21378.svg
Louisiana Tech,Bulldogs,Land,32.5297498,-92.6386604,E31B23,Red,https://sports.cbsimg.net/fly/images/ncaa/logos/team/21400.svg
Louisville,Cardinals,Air,38.2542376,-85.759407,AD0000,Red,https://sports.cbsimg.net/fly/images/ncaa/logos/team/21238.svg
Loyola Chicago,Ramblers,Person,41.8755616,-87.6244212,922247,Red,https://sports.cbsimg.net/fly/images/ncaa/logos/team/21300.svg
Loyola Marymount,Lions,Land,34.0536909,-118.242766,B62B3A,Red,https://sports.cbsimg.net/fly/images/ncaa/logos/team/21416.svg
Loyola MD,Greyhounds,Land,39.2908816,-76.610759,00694E,Green,https://sports.cbsimg.net/fly/images/ncaa/logos/team/21257.svg
LSU,Tigers,Land,30.4494155,-91.1869659,461D7C,Purple,https://sports.cbsimg.net/fly/images/ncaa/logos/team/21358.svg
Maine,Black Bears,Land,44.8016255,-68.7713289,003263,Blue,https://sports.cbsimg.net/fly/images/ncaa/logos/team/21155.svg
Manhattan,Jaspers,Person,40.90056,-73.90639,00703C,Green,https://sports.cbsimg.net/fly/images/ncaa/logos/team/21258.svg
Marist,Red Foxes,Land,41.7065539,-73.9283672,C8102E,Red,https://sports.cbsimg.net/fly/images/ncaa/logos/team/21259.svg
Marquette,Golden Eagles,Air,43.0349931,-87.922497,003366,Blue,https://sports.cbsimg.net/fly/images/ncaa/logos/team/21239.svg
Marshall,Thundering Herd,Land,38.4192496,-82.445154,00B140,Green,https://sports.cbsimg.net/fly/images/ncaa/logos/team/21272.svg
Maryland,Terrapins,Land,38.980666,-76.9369189,E03A3E,Red,https://sports.cbsimg.net/fly/images/ncaa/logos/team/21133.svg
Maryland Eastern Shore,Hawks,Air,38.2028428,-75.6920008,862633,Red,https://sports.cbsimg.net/fly/images/ncaa/logos/team/21292.svg
Massachusetts,Minutemen,Person,42.3731948,-72.5198761,971B2F,Red,https://sports.cbsimg.net/fly/images/ncaa/logos/team/21143.svg
McNeese St.,Cowboys,Person,30.2305095,-93.2169807,00529B,Blue,https://sports.cbsimg.net/fly/images/ncaa/logos/team/21377.svg
Memphis,Tigers,Land,35.1460249,-90.0517638,003087,Blue,https://sports.cbsimg.net/fly/images/ncaa/logos/team/21240.svg
Mercer,Bears,Land,32.8406946,-83.6324022,F76800,Orange,https://sports.cbsimg.net/fly/images/ncaa/logos/team/21411.svg
Merrimack,Warriors,Person,42.6839894,-71.1127065,003768,Blue,https://sports.cbsimg.net/fly/images/ncaa/logos/team/3148697.svg
Miami FL,Hurricanes,Weather,25.7331105,-80.2585107,005030,Green,https://sports.cbsimg.net/fly/images/ncaa/logos/team/21163.svg
Miami OH,Redhawks,Air,39.5103048,-84.7420519,B61E2E,Red,https://sports.cbsimg.net/fly/images/ncaa/logos/team/21271.svg
Michigan,Wolverines,Land,42.2813722,-83.7484616,00274C,Blue,https://sports.cbsimg.net/fly/images/ncaa/logos/team/21193.svg
Michigan St.,Spartans,Person,42.7320307,-84.4721678,18453B,Green,https://sports.cbsimg.net/fly/images/ncaa/logos/team/21194.svg
Middle Tennessee,Blue Raiders,Person,35.8460396,-86.3921096,0066CC,Blue,https://sports.cbsimg.net/fly/images/ncaa/logos/team/21328.svg
Milwaukee,Panthers,Land,43.0349931,-87.922497,FFBD00,Yellow,https://sports.cbsimg.net/fly/images/ncaa/logos/team/21302.svg
Minnesota,Golden Gophers,Land,44.9772995,-93.2654692,7A0019,Red,https://sports.cbsimg.net/fly/images/ncaa/logos/team/21195.svg
Mississippi,Rebels,Person,34.3663773,-89.5187664,14213D,Blue,https://sports.cbsimg.net/fly/images/ncaa/logos/team/21359.svg
Mississippi St.,Bulldogs,Land,33.4638745,-88.8152074,660000,Red,https://sports.cbsimg.net/fly/images/ncaa/logos/team/21360.svg
Mississippi Valley St.,Delta Devils,Person,33.4951269,-90.3229458,00703C,Green,https://sports.cbsimg.net/fly/images/ncaa/logos/team/21393.svg
Missouri,Tigers,Land,38.951883,-92.3337366,F1B82D,Yellow,https://sports.cbsimg.net/fly/images/ncaa/logos/team/21206.svg
Missouri St.,Bears,Land,37.2081729,-93.2922715,5E0009,Red,https://sports.cbsimg.net/fly/images/ncaa/logos/team/21312.svg
Monmouth,Hawks,Air,40.2903891,-74.0176381,041E42,Blue,https://sports.cbsimg.net/fly/images/ncaa/logos/team/21317.svg
Montana,Grizzlies,Land,46.8701049,-113.995267,660033,Red,https://sports.cbsimg.net/fly/images/ncaa/logos/team/21175.svg
Montana St.,Bobcats,Land,45.6794293,-111.044047,00205B,Blue,https://sports.cbsimg.net/fly/images/ncaa/logos/team/21176.svg
Morehead St.,Eagles,Air,38.1839705,-83.4326841,005EB8,Blue,https://sports.cbsimg.net/fly/images/ncaa/logos/team/21329.svg
Morgan St.,Bears,Land,39.2908816,-76.610759,F47937,Orange,https://sports.cbsimg.net/fly/images/ncaa/logos/team/21291.svg
Mount St. Mary's,Knights,Person,39.7045417,-77.3269307,0067B2,Blue,https://sports.cbsimg.net/fly/images/ncaa/logos/team/21318.svg
Murray St.,Racers,Person,36.6103334,-88.314761,002144,Blue,https://sports.cbsimg.net/fly/images/ncaa/logos/team/21330.svg
Navy,Midshipmen,Person,38.9786401,-76.492786,00205B,Blue,https://sports.cbsimg.net/fly/images/ncaa/logos/team/21351.svg
Nebraska,Cornhuskers,Person,40.8088861,-96.7077751,E41C38,Red,https://sports.cbsimg.net/fly/images/ncaa/logos/team/21207.svg
Nebraska Omaha,Mavericks,Land,41.2587459,-95.9383758,D71920,Red,https://sports.cbsimg.net/fly/images/ncaa/logos/team/160981.svg
Nevada,Wolfpack,Land,39.5261206,-119.8126581,003366,Blue,https://sports.cbsimg.net/fly/images/ncaa/logos/team/21219.svg
New Hampshire,Wildcats,Land,43.134564,-70.927048,041E42,Blue,https://sports.cbsimg.net/fly/images/ncaa/logos/team/21156.svg
New Mexico,Lobos,Land,35.0841034,-106.650985,BA0C2F,Red,https://sports.cbsimg.net/fly/images/ncaa/logos/team/21429.svg
New Mexico St.,Aggies,Person,32.3140354,-106.779807,861F41,Red,https://sports.cbsimg.net/fly/images/ncaa/logos/team/21220.svg
New Orleans,Privateers,Person,29.9759983,-90.0782127,005CA6,Blue,https://sports.cbsimg.net/fly/images/ncaa/logos/team/21466.svg
Niagara,Purple Eagles,Air,43.08436,-79.0614686,582C83,Purple,https://sports.cbsimg.net/fly/images/ncaa/logos/team/21260.svg
Nicholls St.,Colonels,Person,29.7957633,-90.822871,AE132A,Red,https://sports.cbsimg.net/fly/images/ncaa/logos/team/21379.svg
NJIT,Highlanders,Person,40.735657,-74.1723667,D22630,Red,https://sports.cbsimg.net/fly/images/ncaa/logos/team/160989.svg
Norfolk St.,Spartans,Person,36.8448348,-76.2863999,007A53,Green,https://sports.cbsimg.net/fly/images/ncaa/logos/team/21294.svg
North Alabama,Lions,Land,34.79981,-87.677251,46166B,Purple,https://sports.cbsimg.net/fly/images/ncaa/logos/team/160987.svg
North Carolina,Tar Heels,Person,35.9131542,-79.05578,7BAFD4,Blue,https://sports.cbsimg.net/fly/images/ncaa/logos/team/21134.svg
North Carolina A&T,Aggies,Person,36.0726355,-79.7919754,003D6D,Blue,https://sports.cbsimg.net/fly/images/ncaa/logos/team/21293.svg
North Carolina Central,Eagles,Air,35.996653,-78.9018053,880023,Red,https://sports.cbsimg.net/fly/images/ncaa/logos/team/160973.svg
North Carolina St.,Wolfpack,Land,35.7803977,-78.6390989,CC0000,Red,https://sports.cbsimg.net/fly/images/ncaa/logos/team/21135.svg
North Dakota,Fighting Hawks,Air,47.9252042,-97.0306741,009A44,Green,https://sports.cbsimg.net/fly/images/ncaa/logos/team/213626.svg
North Dakota St.,Bison,Land,46.877229,-96.789821,0A5640,Green,https://sports.cbsimg.net/fly/images/ncaa/logos/team/160983.svg
North Florida,Ospreys,Air,30.3321838,-81.655651,00246B,Blue,https://sports.cbsimg.net/fly/images/ncaa/logos/team/160984.svg
North Texas,Mean Green,Color,33.1838787,-97.1413417,00853E,Green,https://sports.cbsimg.net/fly/images/ncaa/logos/team/21221.svg
Northeastern,Huskies,Land,42.3554334,-71.060511,D41B2C,Red,https://sports.cbsimg.net/fly/images/ncaa/logos/team/21157.svg
Northern Arizona,Lumberjacks,Person,35.1987522,-111.651822,003466,Blue,https://sports.cbsimg.net/fly/images/ncaa/logos/team/21178.svg
Northern Colorado,Bears,Land,40.4233142,-104.7091322,013C65,Blue,https://sports.cbsimg.net/fly/images/ncaa/logos/team/160977.svg
Northern Illinois,Huskies,Land,41.8903447,-88.7713953,BA0C2F,Red,https://sports.cbsimg.net/fly/images/ncaa/logos/team/21273.svg
Northern Iowa,Panthers,Land,42.5361805,-92.447758,4B116F,Purple,https://sports.cbsimg.net/fly/images/ncaa/logos/team/21310.svg
Northern Kentucky,Norse,Person,39.0330902,-84.4521512,FFC72C,Yellow,https://sports.cbsimg.net/fly/images/ncaa/logos/team/160978.svg
Northwestern,Wildcats,Land,42.0470043,-87.6846053,4E2A84,Purple,https://sports.cbsimg.net/fly/images/ncaa/logos/team/21196.svg
Northwestern St.,Demons,Person,31.7606732,-93.0860209,663399,Purple,https://sports.cbsimg.net/fly/images/ncaa/logos/team/21380.svg
Notre Dame,Fighting Irish,Person,41.6833813,-86.2500066,0C2340,Blue,https://sports.cbsimg.net/fly/images/ncaa/logos/team/21164.svg
Oakland,Golden Grizzlies,Land,43.157285,-77.615214,B59A57,Yellow,https://sports.cbsimg.net/fly/images/ncaa/logos/team/21465.svg
Ohio,Bobcats,Land,39.355589,-82.0610404,00694E,Green,https://sports.cbsimg.net/fly/images/ncaa/logos/team/21274.svg
Ohio St.,Buckeyes,Object,39.9622601,-83.0007065,BB0000,Red,https://sports.cbsimg.net/fly/images/ncaa/logos/team/21197.svg
Oklahoma,Sooners,Person,35.2225717,-97.4394816,841617,Red,https://sports.cbsimg.net/fly/images/ncaa/logos/team/21208.svg
Oklahoma St.,Cowboys,Person,36.1156306,-97.0585717,FF7300,Orange,https://sports.cbsimg.net/fly/images/ncaa/logos/team/21209.svg
Old Dominion,Monarchs,Person,36.8448348,-76.2863999,003057,Blue,https://sports.cbsimg.net/fly/images/ncaa/logos/team/21230.svg
Oral Roberts,Golden Eagles,Air,36.1563122,-95.9927516,002F60,Blue,https://sports.cbsimg.net/fly/images/ncaa/logos/team/21279.svg
Oregon,Ducks,Air,44.0505054,-123.0950506,154733,Green,https://sports.cbsimg.net/fly/images/ncaa/logos/team/21338.svg
Oregon St.,Beavers,Land,44.5645659,-123.2620435,DC4405,Orange,https://sports.cbsimg.net/fly/images/ncaa/logos/team/21339.svg
Pacific,Tigers,Land,37.9577016,-121.290779,D86018,Orange,https://sports.cbsimg.net/fly/images/ncaa/logos/team/21222.svg
Penn,Quakers,Person,39.9527237,-75.1635262,011F5B,Blue,https://sports.cbsimg.net/fly/images/ncaa/logos/team/21251.svg
Penn St.,Nittany Lions,Land,34.7406465,-86.6230495,041E42,Blue,https://sports.cbsimg.net/fly/images/ncaa/logos/team/21198.svg
Pepperdine,Waves,Water,34.035591,-118.689423,00205C,Blue,https://sports.cbsimg.net/fly/images/ncaa/logos/team/21417.svg
Pittsburgh,Panthers,Person,40.4416941,-79.9900861,003594,Blue,https://sports.cbsimg.net/fly/images/ncaa/logos/team/21165.svg
Portland,Pilots,Person,45.5202471,-122.674194,1E1656,Purple,https://sports.cbsimg.net/fly/images/ncaa/logos/team/21418.svg
Portland St.,Vikings,Person,45.5202471,-122.674194,154734,Green,https://sports.cbsimg.net/fly/images/ncaa/logos/team/21181.svg
Prairie View A&M,Panthers,Land,30.0857916,-95.9907058,330066,Purple,https://sports.cbsimg.net/fly/images/ncaa/logos/team/21394.svg
Presbyterian,Blue Hose,Object,34.4726277,-81.8806562,0060A9,Blue,https://sports.cbsimg.net/fly/images/ncaa/logos/team/160995.svg
Princeton,Tigers,Land,40.3496953,-74.6597376,FF671F,Orange,https://sports.cbsimg.net/fly/images/ncaa/logos/team/21252.svg
Providence,Friars,Person,41.8239891,-71.4128343,00ff08,Green,https://sports.cbsimg.net/fly/images/ncaa/logos/team/21166.svg
Purdue,Boilermakers,Person,40.4258686,-86.9080655,CEB888,Yellow,https://sports.cbsimg.net/fly/images/ncaa/logos/team/21199.svg
Queens,Knights,Person,35.2272086,-80.8430827,003A63,Blue,https://sports.cbsimg.net/fly/images/ncaa/logos/team/161390.svg
Quinnipiac,Bobcats,Land,41.3959302,-72.8968574,0C2340,Blue,https://sports.cbsimg.net/fly/images/ncaa/logos/team/21324.svg
Radford,Highlanders,Person,37.1343148,-80.5749169,C2011B,Red,https://sports.cbsimg.net/fly/images/ncaa/logos/team/21186.svg
Rhode Island,Rams,Land,41.4801166,-71.5227103,68ABE8,Blue,https://sports.cbsimg.net/fly/images/ncaa/logos/team/21144.svg
Rice,Owls,Air,29.7589382,-95.3676974,00205B,Blue,https://sports.cbsimg.net/fly/images/ncaa/logos/team/21430.svg
Richmond,Spiders,Land,37.5385087,-77.43428,990000,Red,https://sports.cbsimg.net/fly/images/ncaa/logos/team/21231.svg
Rider,Broncs,Land,40.300987649999996,-74.73737283395636,981E32,Red,https://sports.cbsimg.net/fly/images/ncaa/logos/team/21261.svg
Robert Morris,Colonials,Person,40.5061,-80.2082,14234B,Blue,https://sports.cbsimg.net/fly/images/ncaa/logos/team/21319.svg
Rutgers,Scarlet Knights,Person,40.5462553,-74.4660408,CC0033,Red,https://sports.cbsimg.net/fly/images/ncaa/logos/team/21167.svg
Sacramento St.,Hornets,Air,38.5810606,-121.493895,043927,Green,https://sports.cbsimg.net/fly/images/ncaa/logos/team/21179.svg
Sacred Heart,Pioneers,Person,41.1412078,-73.2637258,CE1141,Red,https://sports.cbsimg.net/fly/images/ncaa/logos/team/160745.svg
Sam Houston St.,Bearkats,Land,30.7235263,-95.5507771,FE5100,Orange,https://sports.cbsimg.net/fly/images/ncaa/logos/team/21381.svg
Samford,Bulldogs,Land,33.4737098,-86.8084509,002649,Blue,https://sports.cbsimg.net/fly/images/ncaa/logos/team/21412.svg
San Diego,Toreros,Person,32.7174202,-117.162772,84BCE8,Blue,https://sports.cbsimg.net/fly/images/ncaa/logos/team/21419.svg
San Diego St.,Aztecs,Person,32.7174202,-117.162772,A6192E,Red,https://sports.cbsimg.net/fly/images/ncaa/logos/team/21431.svg
San Francisco,Dons,Person,37.7792588,-122.4193286,00543C,Green,https://sports.cbsimg.net/fly/images/ncaa/logos/team/21420.svg
San Jose St.,Spartans,Person,37.3361663,-121.890591,0055A2,Blue,https://sports.cbsimg.net/fly/images/ncaa/logos/team/21432.svg
Santa Clara,Broncos,Land,37.2333253,-121.6846349,862633,Red,https://sports.cbsimg.net/fly/images/ncaa/logos/team/21421.svg
Seattle,Redhawks,Air,47.6038321,-122.330062,AA0000,Red,https://sports.cbsimg.net/fly/images/ncaa/logos/team/161207.svg
Seton Hall,Pirates,Person,40.735657,-74.1723667,004488,Blue,https://sports.cbsimg.net/fly/images/ncaa/logos/team/21168.svg
Siena,St.s,Person,42.6511674,-73.754968,006747,Green,https://sports.cbsimg.net/fly/images/ncaa/logos/team/21262.svg
SIU Edwardsville,Cougars,Land,38.8114364,-89.953157,EF3829,Red,https://sports.cbsimg.net/fly/images/ncaa/logos/team/161008.svg
SMU,Mustangs,Land,32.7762719,-96.7968559,C8102E,Red,https://sports.cbsimg.net/fly/images/ncaa/logos/team/21433.svg
South Alabama,Jaguars,Land,30.6913462,-88.0437509,BF0D3E,Red,https://sports.cbsimg.net/fly/images/ncaa/logos/team/21401.svg
South Carolina,Gamecocks,Air,34.0003117,-81.0331309,73000A,Red,https://sports.cbsimg.net/fly/images/ncaa/logos/team/21361.svg
South Carolina St.,Bulldogs,Land,33.4918203,-80.8556476,862633,Red,https://sports.cbsimg.net/fly/images/ncaa/logos/team/21295.svg
South Dakota,Coyotes,Land,42.7795273,-96.929101,AD0000,Red,https://sports.cbsimg.net/fly/images/ncaa/logos/team/161009.svg
South Dakota St.,Jackrabbits,Land,44.3763598,-96.7925213,0033A0,Blue,https://sports.cbsimg.net/fly/images/ncaa/logos/team/532957.svg
South Florida,Bulls,Land,27.9477595,-82.458444,006747,Green,https://sports.cbsimg.net/fly/images/ncaa/logos/team/21243.svg
Southeast Missouri St.,Redhawks,Air,37.3034933,-89.5230357,C8102E,Red,https://sports.cbsimg.net/fly/images/ncaa/logos/team/21331.svg
Southeastern Louisiana,Lions,Land,30.5043583,-90.4611995,006341,Green,https://sports.cbsimg.net/fly/images/ncaa/logos/team/21382.svg
Southern,Jaguars,Land,30.4494155,-91.1869659,58B6E7,Blue,https://sports.cbsimg.net/fly/images/ncaa/logos/team/21395.svg
Southern Illinois,Salukis,Land,37.7274692,-89.216655,720000,Red,https://sports.cbsimg.net/fly/images/ncaa/logos/team/21311.svg
Southern Indiana,Screaming Eagles,Air,37.970495,-87.5715641,002D5D,Blue,https://sports.cbsimg.net/fly/images/ncaa/logos/team/161012.svg
Southern Miss,Golden Eagles,Air,31.3271189,-89.2903392,FFAB00,Yellow,https://sports.cbsimg.net/fly/images/ncaa/logos/team/21242.svg
Southern Utah,Thunderbirds,Air,37.6774238,-113.061827,C41425,Red,https://sports.cbsimg.net/fly/images/ncaa/logos/team/21280.svg
St. Bonaventure,Bonnies,Land,42.0797893,-78.4807789,FDB726,Yellow,https://sports.cbsimg.net/fly/images/ncaa/logos/team/21145.svg
St. Francis PA,Red Flash,Object,40.5029161,-78.6314019,BD1F25,Red,https://sports.cbsimg.net/fly/images/ncaa/logos/team/21321.svg
St. John's,Red Storm,Weather,40.7135078,-73.8283132,BA0C2F,Red,https://sports.cbsimg.net/fly/images/ncaa/logos/team/21169.svg
St. Joseph's,Hawks,Air,39.9527237,-75.1635262,9E1B32,Red,https://sports.cbsimg.net/fly/images/ncaa/logos/team/21146.svg
St. Louis,Billikens,Person,38.6280278,-90.1910154,003DA5,Blue,https://sports.cbsimg.net/fly/images/ncaa/logos/team/21244.svg
St. Mary's,Gaels,Person,37.834897,-122.12883,06315B,Blue,https://sports.cbsimg.net/fly/images/ncaa/logos/team/21422.svg
St. Peter's,Peacocks,Air,40.7215682,-74.047455,003C71,Blue,https://sports.cbsimg.net/fly/images/ncaa/logos/team/21263.svg
St. Thomas,Tommies,Person,44.9497487,-93.0931028,512773,Purple,https://sports.cbsimg.net/fly/images/ncaa/logos/team/26633114.svg
Stanford,Cardinal,Color,37.427467,-122.1702445,8C1515,Red,https://sports.cbsimg.net/fly/images/ncaa/logos/team/21340.svg
Stephen F. Austin,Lumberjacks,Person,31.5970503,-94.5927451,613393,Purple,https://sports.cbsimg.net/fly/images/ncaa/logos/team/21383.svg
Stetson,Hatters,Person,29.0283213,-81.3031098,00523E,Green,https://sports.cbsimg.net/fly/images/ncaa/logos/team/21413.svg
Stonehill,Skyhawks,Air,42.0473222,-71.0814358,2F2975,Purple,https://sports.cbsimg.net/fly/images/ncaa/logos/team/26633120.svg
Stony Brook,Seawolves,Land,40.9256538,-73.140943,990000,Red,https://sports.cbsimg.net/fly/images/ncaa/logos/team/160743.svg
Syracuse,Orange,Color,43.0481221,-76.1474244,F76900,Orange,https://sports.cbsimg.net/fly/images/ncaa/logos/team/21170.svg
Tarleton St.,Texans,Person,32.2191836,-98.2130634,4F2D7F,Purple,https://sports.cbsimg.net/fly/images/ncaa/logos/team/161038.svg
TCU,Horned Frogs,Land,32.753177,-97.3327459,4D1979,Purple,https://sports.cbsimg.net/fly/images/ncaa/logos/team/21434.svg
Temple,Owls,Air,39.9527237,-75.1635262,9D2235,Red,https://sports.cbsimg.net/fly/images/ncaa/logos/team/21147.svg
Tennessee,Volunteers,Person,35.9603948,-83.9210261,FF8200,Orange,https://sports.cbsimg.net/fly/images/ncaa/logos/team/21362.svg
Tennessee Martin,Skyhawks,Air,36.3432777,-88.8503514,002A5B,Blue,https://sports.cbsimg.net/fly/images/ncaa/logos/team/21332.svg
Tennessee St.,Tigers,Land,36.1622767,-86.7742984,00539F,Blue,https://sports.cbsimg.net/fly/images/ncaa/logos/team/21333.svg
Tennessee Tech,Golden Eagles,Air,36.1623886,-85.4997057,4F2984,Purple,https://sports.cbsimg.net/fly/images/ncaa/logos/team/21334.svg
Texas,Longhorns,Land,30.2711286,-97.7436995,BF5700,Orange,https://sports.cbsimg.net/fly/images/ncaa/logos/team/21210.svg
Texas A&M,Aggies,Person,30.6183939,-96.3455991,500000,Red,https://sports.cbsimg.net/fly/images/ncaa/logos/team/21211.svg
Texas A&M Commerce,Lions,Land,33.2436492,-95.9026927,00386C,Blue,https://sports.cbsimg.net/fly/images/ncaa/logos/team/26633132.svg
Texas A&M Corpus Christi,Islanders,Person,27.7635302,-97.4033191,0067C5,Blue,https://sports.cbsimg.net/fly/images/ncaa/logos/team/160744.svg
Texas Southern,Tigers,Land,29.7589382,-95.3676974,7C183E,Red,https://sports.cbsimg.net/fly/images/ncaa/logos/team/21396.svg
Texas St.,Bobcats,Land,29.8826436,-97.9405828,501214,Red,https://sports.cbsimg.net/fly/images/ncaa/logos/team/21384.svg
Texas Tech,Red Raiders,Person,33.5855677,-101.8470215,CC0000,Red,https://sports.cbsimg.net/fly/images/ncaa/logos/team/21212.svg
The Citadel,Bulldogs,Land,32.7884363,-79.9399309,3975B7,Blue,https://sports.cbsimg.net/fly/images/ncaa/logos/team/21365.svg
Toledo,Rockets,Object,41.6529143,-83.5378173,15397F,Blue,https://sports.cbsimg.net/fly/images/ncaa/logos/team/21275.svg
Towson,Tigers,Land,39.396459050000004,-76.61481481790992,FFBB00,Yellow,https://sports.cbsimg.net/fly/images/ncaa/logos/team/21158.svg
Troy,Trojans,Person,31.8087678,-85.969951,8A2432,Red,https://sports.cbsimg.net/fly/images/ncaa/logos/team/21414.svg
Tulane,Green Wave,Water,29.9759983,-90.0782127,006747,Green,https://sports.cbsimg.net/fly/images/ncaa/logos/team/21245.svg
Tulsa,Golden Hurricane,Weather,36.1563122,-95.9927516,002D72,Blue,https://sports.cbsimg.net/fly/images/ncaa/logos/team/21436.svg
UAB,Blazers,Air,33.5206824,-86.8024326,006341,Green,https://sports.cbsimg.net/fly/images/ncaa/logos/team/21234.svg
UC Davis,Aggies,Person,38.5435526,-121.739005,002855,Blue,https://sports.cbsimg.net/fly/images/ncaa/logos/team/160877.svg
UC Irvine,Anteaters,Land,33.6856969,-117.825981,0C2340,Blue,https://sports.cbsimg.net/fly/images/ncaa/logos/team/21214.svg
UC Riverside,Highlanders,Person,33.7219991,-116.0372472,2D6CC0,Blue,https://sports.cbsimg.net/fly/images/ncaa/logos/team/280684.svg
UC San Diego,Tritons,Object,32.7174202,-117.162772,182B49,Blue,https://sports.cbsimg.net/fly/images/ncaa/logos/team/161083.svg
UC Santa Barbara,Gauchos,Person,34.4221319,-119.702667,003660,Blue,https://sports.cbsimg.net/fly/images/ncaa/logos/team/21223.svg
UCF,Knights,Person,28.5421109,-81.3790304,BA9B37,Yellow,https://sports.cbsimg.net/fly/images/ncaa/logos/team/21406.svg
UCLA,Bruins,Land,34.0536909,-118.242766,2D68C4,Blue,https://sports.cbsimg.net/fly/images/ncaa/logos/team/21341.svg
UMass Lowell,River Hawks,Air,42.6414437,-71.3085329,003DA5,Blue,https://sports.cbsimg.net/fly/images/ncaa/logos/team/2101685.svg
UMBC,Retrievers,Land,39.2908816,-76.610759,B18906,Yellow,https://sports.cbsimg.net/fly/images/ncaa/logos/team/21323.svg
UMKC,Kangaroos,Land,39.100105,-94.5781416,005293,Blue,https://sports.cbsimg.net/fly/images/ncaa/logos/team/21278.svg
UNC Asheville,Bulldogs,Land,35.595363,-82.5508407,003DA5,Blue,https://sports.cbsimg.net/fly/images/ncaa/logos/team/21185.svg
UNC Greensboro,Spartans,Person,36.0726355,-79.7919754,0F2044,Blue,https://sports.cbsimg.net/fly/images/ncaa/logos/team/21372.svg
UNC Wilmington,Seahawks,Air,34.2257282,-77.9447107,006666,Teal,https://sports.cbsimg.net/fly/images/ncaa/logos/team/21229.svg
UNLV,Rebels,Person,36.1672559,-115.148516,CF0A2C,Red,https://sports.cbsimg.net/fly/images/ncaa/logos/team/21428.svg
USC,Trojans,Person,34.0536909,-118.242766,990000,Red,https://sports.cbsimg.net/fly/images/ncaa/logos/team/21342.svg
USC Upstate,Spartans,Person,34.9498007,-81.9320157,00703C,Green,https://sports.cbsimg.net/fly/images/ncaa/logos/team/1315631.svg
UT Arlington,Mavericks,Land,32.7355816,-97.1071186,F58025,Orange,https://sports.cbsimg.net/fly/images/ncaa/logos/team/21386.svg
UT Rio Grande Valley,Vaqueros,Person,26.3013982,-98.1624501,F05023,Orange,https://sports.cbsimg.net/fly/images/ncaa/logos/team/21441.svg
Utah,Utes,Person,40.7596198,-111.886797,CC0000,Red,https://sports.cbsimg.net/fly/images/ncaa/logos/team/21437.svg
Utah St.,Aggies,Person,41.7313063,-111.834914,00263A,Blue,https://sports.cbsimg.net/fly/images/ncaa/logos/team/21224.svg
Utah Tech,Trailblazers,Person,37.104153,-113.584131,BA1C21,Red,https://sports.cbsimg.net/fly/images/ncaa/logos/team/1357229.svg
Utah Valley,Wolverines,Land,40.2981599,-111.6944313,275D38,Green,https://sports.cbsimg.net/fly/images/ncaa/logos/team/447003.svg
UTEP,Miners,Person,31.7550511,-106.488234,FF8200,Orange,https://sports.cbsimg.net/fly/images/ncaa/logos/team/21435.svg
UTSA,Roadrunners,Air,29.4246002,-98.4951405,F15A22,Orange,https://sports.cbsimg.net/fly/images/ncaa/logos/team/21385.svg
Valparaiso,Beacons,Object,41.4672552,-87.0604487,FFCC00,Yellow,https://sports.cbsimg.net/fly/images/ncaa/logos/team/21281.svg
Vanderbilt,Commodores,Person,36.1622767,-86.7742984,866D4B,Yellow,https://sports.cbsimg.net/fly/images/ncaa/logos/team/21363.svg
VCU,Rams,Land,37.5385087,-77.43428,FFB300,Yellow,https://sports.cbsimg.net/fly/images/ncaa/logos/team/21232.svg
Vermont,Catamounts,Land,44.4761601,-73.212906,154734,Green,https://sports.cbsimg.net/fly/images/ncaa/logos/team/21159.svg
Villanova,Wildcats,Land,40.0373323,-75.3490769,00205B,Blue,https://sports.cbsimg.net/fly/images/ncaa/logos/team/21171.svg
Virginia,Cavaliers,Person,38.029306,-78.4766781,F84C1E,Orange,https://sports.cbsimg.net/fly/images/ncaa/logos/team/21136.svg
Virginia Tech,Hokies,Air,37.2296566,-80.4136767,630031,Red,https://sports.cbsimg.net/fly/images/ncaa/logos/team/21148.svg
VMI,Keydets,Person,37.7840208,-79.4428157,A71F23,Red,https://sports.cbsimg.net/fly/images/ncaa/logos/team/21373.svg
Wagner,Seahawks,Air,40.5834557,-74.1496048,00483A,Green,https://sports.cbsimg.net/fly/images/ncaa/logos/team/21322.svg
Wake Forest,Demon Deacons,Person,36.0998131,-80.2440518,9E7E38,Yellow,https://sports.cbsimg.net/fly/images/ncaa/logos/team/21137.svg
Washington,Huskies,Land,47.6038321,-122.330062,4B2E83,Purple,https://sports.cbsimg.net/fly/images/ncaa/logos/team/21343.svg
Washington St.,Cougars,Land,46.7304268,-117.173895,981E32,Red,https://sports.cbsimg.net/fly/images/ncaa/logos/team/21344.svg
Weber St.,Wildcats,Land,41.2230048,-111.9738429,4B2682,Purple,https://sports.cbsimg.net/fly/images/ncaa/logos/team/21180.svg
West Virginia,Mountaineers,Person,39.6296809,-79.9559437,002855,Blue,https://sports.cbsimg.net/fly/images/ncaa/logos/team/21172.svg
Western Carolina,Catamounts,Land,35.3137739,-83.1765814,592C88,Purple,https://sports.cbsimg.net/fly/images/ncaa/logos/team/21374.svg
Western Illinois,Leathernecks,Person,40.4588934,-90.6713939,663399,Purple,https://sports.cbsimg.net/fly/images/ncaa/logos/team/21282.svg
Western Kentucky,Hilltoppers,Person,36.9903199,-86.4436018,C60C30,Red,https://sports.cbsimg.net/fly/images/ncaa/logos/team/21403.svg
Western Michigan,Broncos,Land,42.291707,-85.5872286,B5A167,Yellow,https://sports.cbsimg.net/fly/images/ncaa/logos/team/21276.svg
Wichita St.,Shockers,Person,37.6922361,-97.3375448,FFCD00,Yellow,https://sports.cbsimg.net/fly/images/ncaa/logos/team/21313.svg
William & Mary,Tribe,Person,37.2708788,-76.7074042,115740,Green,https://sports.cbsimg.net/fly/images/ncaa/logos/team/21233.svg
Winthrop,Eagles,Air,34.9248667,-81.0250784,660000,Red,https://sports.cbsimg.net/fly/images/ncaa/logos/team/21187.svg
Wisconsin,Badgers,Land,43.074761,-89.3837613,C5050C,Red,https://sports.cbsimg.net/fly/images/ncaa/logos/team/21200.svg
Wofford,Terriers,Land,34.9498007,-81.9320157,886E4C,Yellow,https://sports.cbsimg.net/fly/images/ncaa/logos/team/21375.svg
Wright St.,Raiders,Person,39.7589478,-84.1916069,026937,Green,https://sports.cbsimg.net/fly/images/ncaa/logos/team/21303.svg
Wyoming,Cowboys,Person,41.311367,-105.591101,FFC425,Yellow,https://sports.cbsimg.net/fly/images/ncaa/logos/team/21438.svg
Xavier,Musketeers,Person,39.1014537,-84.5124602,0C2340,Blue,https://sports.cbsimg.net/fly/images/ncaa/logos/team/21149.svg
Yale,Bulldogs,Land,41.3082138,-72.9250518,00356B,Blue,https://sports.cbsimg.net/fly/images/ncaa/logos/team/21253.svg
Youngstown St.,Penguins,Land,41.1035786,-80.6520161,C8102E,Red,https://sports.cbsimg.net/fly/images/ncaa/logos/team/21283.svg